crim,zn,indus,chas,nox,rm,age,dis,rad,tax,ptratio,b,lstat,medv
-0.7877922321425187,0.8980492788965219,-1.2181920679681375,0.0,0.669820371412797,0.9844705844327203,0.19483214644227467,-0.19233292694925475,-2.1608133561195806,-0.23005560472695016,-2.021698758770914,0.8089143147388617,-1.3616341232595286,24.0
-0.7136882586448781,-0.5680443703643957,-0.30525711104515374,0.0,-0.5271920674746048,0.5695707697871926,0.713383484031842,0.3146810391632303,-1.5479595014545064,-1.0629481340216869,-0.5260685989410834,0.8089143147388617,-0.35006664393680137,21.6
-0.7047209364588843,-0.5680443703643957,-1.2431251655311604,0.0,-0.7180201374421606,0.5938181615521895,-0.05119586044328643,0.9477114738796616,-0.9351056467894323,-1.371426848575293,0.012358258597654744,0.39250220435750727,-1.3057061135854358,28.7
-0.49840191734491984,0.4500762194001304,-0.15182266450347578,0.0,0.4269482823631793,-0.532338478199958,0.24782279407916444,0.657700178931955,0.2906020625407162,0.0013034311882544392,-2.081523965164108,0.6141892271504634,0.44994705966218224,22.9
-0.29977926136696564,0.4500762194001304,-0.15182266450347578,0.0,0.4269482823631793,-0.10127373571109753,1.364411440713634,0.8831424851500247,0.2906020625407162,0.0013034311882544392,-2.081523965164108,0.8089143147388617,2.0840176031835105,27.1
-0.2097882997445332,0.4500762194001304,-0.15182266450347578,0.0,0.4269482823631793,-0.5538917153244011,0.9783367222162925,1.2540239817385215,0.2906020625407162,0.0013034311882544392,-2.081523965164108,-0.7174307948964053,1.585528821305725,18.9
-0.01614356671234711,0.4500762194001304,-0.15182266450347578,0.0,0.4269482823631793,0.20139114579464854,1.2962806080376326,1.1121687459797667,0.2906020625407162,0.0013034311882544392,-2.081523965164108,0.1528405580948515,2.400132440471863,15.0
-0.395383625460158,0.4500762194001304,-0.15182266450347578,0.0,0.4269482823631793,-0.5404209421216222,0.8647853344229566,1.0428018825280527,0.2906020625407162,0.0013034311882544392,-2.081523965164108,0.8089143147388617,0.6542058776023483,18.9
-0.47901979183267374,0.4500762194001304,-0.15182266450347578,0.0,0.4269482823631793,-0.8637194989882675,-0.7968499736195256,0.5943451103127229,0.2906020625407162,0.0013034311882544392,-2.081523965164108,-0.14973227031174438,1.2475291106666404,21.7
1.4132264070842102,-0.5680443703643957,-0.10003853879565938,0.0,0.669820371412797,-0.7020702205549461,0.06614057360982711,0.1646173912293557,-0.32225179212435806,-0.06039231172246679,1.3883380056410992,0.8089143147388617,-0.5640520722550708,20.4
1.4421760298893866,-0.5680443703643957,-0.10003853879565938,0.0,0.669820371412797,-0.30602948839330507,0.9253460745794022,0.022646544031515014,-0.32225179212435806,-0.06039231172246679,1.3883380056410992,-1.71951605333212,-0.07772155334991346,18.2
1.4048592600051533,-0.5680443703643957,-0.10003853879565938,0.0,0.669820371412797,-1.0118980042188148,-0.13446687815839953,0.04386124310383066,-0.32225179212435806,-0.06039231172246679,1.3883380056410992,0.6171849977287439,-0.5129873677700291,19.9
2.9107339077270975,-0.5680443703643957,-0.10003853879565938,0.0,0.669820371412797,-0.739788385522722,-1.1639994608179782,0.04386124310383066,-0.32225179212435806,-0.06039231172246679,1.3883380056410992,-0.6964604008484168,-0.9725697081354029,23.1
1.9584678395270694,-0.5680443703643957,-0.10003853879565938,0.0,0.669820371412797,-0.5916098802921747,0.8193647793056221,-0.0952771238363983,-0.32225179212435806,-0.06039231172246679,1.3883380056410992,-0.7114392537398359,0.9946372408359585,17.5
1.7522900380853252,-0.5680443703643957,-0.10003853879565938,0.0,0.669820371412797,-1.3001725507582382,0.3575891356127227,-0.36199271380823805,-0.32225179212435806,-0.06039231172246679,1.3883380056410992,-0.08232743230037512,0.17030701129171666,18.2
3.6092671233651705,-0.5680443703643957,-0.10003853879565938,0.0,0.669820371412797,-1.7231548293254324,1.4401123659091914,-0.3611834337346348,-0.32225179212435806,-0.06039231172246679,1.3883380056410992,-2.2362864780859626,2.538736638359833,13.6
2.1979730116128215,-0.5680443703643957,-0.10003853879565938,0.0,0.669820371412797,-0.65896374630606,1.1032432487889618,-0.2372479710342395,-0.32225179212435806,-0.06039231172246679,1.3883380056410992,0.15433844338399172,0.7903784228957924,19.6
3.5410589876827303,-0.5680443703643957,-0.10003853879565938,0.0,0.669820371412797,-0.1820983749277571,1.1978694052834085,-0.2577111957524949,-0.32225179212435806,-0.06039231172246679,1.3883380056410992,0.8089143147388617,1.9794565416189018,15.2
2.6794899694662373,-0.5680443703643957,-0.10003853879565938,0.0,0.669820371412797,-1.0684752516704774,1.512028244844971,-0.18932702953301364,-0.32225179212435806,-0.06039231172246679,1.3883380056410992,0.4554133865014559,2.261528242583893,14.5
1.838644644648083,-0.5680443703643957,-0.10003853879565938,0.0,0.669820371412797,-0.769424086568829,1.288710515518077,-0.013366419243832826,-0.32225179212435806,-0.06039231172246679,1.3883380056410992,0.4239577954294773,1.3909966137436618,15.6
1.5620345291864282,-0.5680443703643957,-0.10003853879565938,0.0,0.669820371412797,-1.0684752516704774,1.144878757646518,0.149876932745867,-0.32225179212435806,-0.06039231172246679,1.3883380056410992,-2.1898520341225733,1.0286803771593196,16.6
1.9188915868873098,-0.5680443703643957,-0.10003853879565938,0.0,0.669820371412797,0.76893821318829,1.300065654297411,0.01848453222441213,-0.32225179212435806,-0.06039231172246679,1.3883380056410992,-0.5331909043319886,0.5399182056596366,18.4
2.7289867635794782,-0.5680443703643957,-0.10003853879565938,0.0,0.669820371412797,1.2511918938477031,1.0313273698531822,-0.10620240483004344,-0.32225179212435806,-0.06039231172246679,1.3883380056410992,-1.6880604622601416,0.340522692908522,21.0
3.9726554984062443,-0.5680443703643957,-0.10003853879565938,0.0,0.669820371412797,-0.37068919976663417,1.512028244844971,-0.14319806533762416,-0.32225179212435806,-0.06039231172246679,1.3883380056410992,-2.212320313459694,0.5982778679282551,14.5
-0.5835561736938046,-0.5680443703643957,-0.518147405621732,0.0,-0.006751876653995315,0.20139114579464854,0.3083835342356106,-0.6141412624552177,0.2906020625407162,-0.4922625120975154,0.31148429056362087,0.8089143147388617,-0.2187574038324091,18.9
-0.46609837482450966,-0.5680443703643957,-0.518147405621732,0.0,-0.006751876653995315,-0.9930389217349257,0.05100038857071571,-0.603967455815633,0.2906020625407162,-0.4922625120975154,0.31148429056362087,-2.087995834460945,0.2019184950205521,20.0
-0.5271750180598208,-0.5680443703643957,-0.518147405621732,0.0,-0.006751876653995315,-0.9687915299699288,-0.702223817125079,-0.2823942379973963,0.2906020625407162,-0.4922625120975154,0.31148429056362087,0.8089143147388617,-0.44003778993425574,21.0
-0.1921007862989315,-0.5680443703643957,-0.518147405621732,0.0,-0.006751876653995315,-0.6562695916655037,-1.1299340444799777,-0.33262740828034576,0.2906020625407162,-0.4922625120975154,0.31148429056362087,0.2891481194067388,-0.10933303707874845,24.7
-0.36018512065923014,-0.5680443703643957,-0.3359440003534893,0.0,-0.8915002010490305,1.509830739341017,-2.1632516733993343,0.7504205530790792,-0.9351056467894323,-1.2017635555708095,-0.46624339254789143,-0.9121558824848035,-1.3956772595828897,26.6
-0.3105471088737692,-0.5680443703643957,-0.3359440003534893,0.0,-0.8915002010490305,-0.10935619963276397,-2.0232049617875534,0.7504205530790792,-0.9351056467894323,-1.2017635555708095,-0.46624339254789143,-1.2177244814696884,-1.1598069579138885,25.3
-0.2474934182273727,-0.5680443703643957,-0.3359440003534893,0.0,-0.8915002010490305,0.003798295270563725,-2.0269900080473313,0.7504205530790792,-0.9351056467894323,-1.2017635555708095,-0.46624339254789143,0.44343030418831714,-0.7634475850061851,24.7
-0.3769547192353994,-0.5680443703643957,-0.3359440003534893,0.0,-0.8915002010490305,-0.3787716636883006,-0.758999511021747,0.7504205530790792,-0.9351056467894323,-1.2017635555708095,-0.46624339254789143,-0.3159975374064615,-0.2503688875612441,21.2
-0.20491629005293038,-0.5680443703643957,-0.3359440003534893,0.0,-0.8915002010490305,-1.42140950958323,-0.9936723791279746,0.3917360633141753,-0.9351056467894323,-1.2017635555708095,-0.46624339254789143,0.8089143147388617,-0.08987981632254213,19.3
-0.1451106058676025,-0.5680443703643957,-0.3359440003534893,0.0,-0.8915002010490305,-1.1412174269654731,-1.012597610426864,0.3917360633141753,-0.9351056467894323,-1.2017635555708095,-0.46624339254789143,0.8089143147388617,0.8681913059206177,20.0
-0.0006802316042163174,-0.5680443703643957,-0.3359440003534893,0.0,-0.8915002010490305,-0.48384369466995947,0.9631965371771808,0.7322117514230042,-0.9351056467894323,-1.2017635555708095,-0.46624339254789143,0.18579403445597029,1.9989097623751086,16.6
-0.034219428756554864,-0.5680443703643957,-0.3359440003534893,0.0,-0.8915002010490305,-1.6369418808276603,0.07371066612938294,0.9624519323631509,-0.9351056467894323,-1.2017635555708095,-0.46624339254789143,0.8089143147388617,1.3666800877984038,19.4
-0.49684852295049575,1.142398220440008,-0.5795211842384032,0.0,-1.0476322582952133,-0.6643520555871701,-0.5432518742144087,1.3826995134414504,-0.32225179212435806,-1.0475241982940064,-1.1243206628730156,0.6081976859938941,0.6979756243038123,19.7
-0.6569893632483984,1.142398220440008,-0.5795211842384032,0.0,-1.0476322582952133,-0.2548405502227526,0.11156112872716158,1.3826995134414504,-0.32225179212435806,-1.0475241982940064,-1.1243206628730156,0.370033925020387,-0.27954871869555376,20.5
-0.6208729435780381,1.142398220440008,-0.5795211842384032,0.0,-1.0476322582952133,0.8120446874371761,-1.4743732541197632,1.3826995134414504,-0.32225179212435806,-1.0475241982940064,-1.1243206628730156,0.8089143147388617,-1.288684545423755,25.0
-0.6342533180209184,1.142398220440008,-0.5795211842384032,0.0,-1.0476322582952133,-0.5700566431677316,-1.4630181153404296,1.3826995134414504,-0.32225179212435806,-1.0475241982940064,-1.1243206628730156,0.8089143147388617,-0.5227139781481325,23.4
-0.2648278874924234,1.4681968091646564,-0.6773356439087228,0.0,-0.8047601692455956,-0.17401591100609304,-1.1677845070777562,1.9608145145919418,2.129163626535939,-0.41514283345911385,0.6106103225295869,-0.12277033510719498,-0.9044834354886808,23.3
-0.4454805946803352,1.4681968091646564,-0.6773356439087228,0.0,-0.8047601692455956,-0.761341622647165,-0.4864761803177407,1.4505056224655009,2.129163626535939,-0.41514283345911385,0.6106103225295869,0.8089143147388617,-0.33061342318059506,19.6
-0.2829390539546862,1.4681968091646564,-0.6773356439087228,0.0,-0.8047601692455956,-1.2624543857904647,0.2326826090400533,1.6201076036049407,2.129163626535939,-0.41514283345911385,0.6106103225295869,0.5407928479825248,0.625026046468039,18.7
-0.20389246192933264,1.4681968091646564,-0.6773356439087228,0.0,-0.8047601692455956,-0.6562695916655037,1.2622151916996323,1.3848961307840881,2.129163626535939,-0.41514283345911385,0.6106103225295869,-2.010105799425586,0.9387092311618653,16.0
-0.4208028064598251,1.4681968091646564,-0.6773356439087228,0.0,-0.8047601692455956,0.6638661822066312,0.2932433491964989,1.6201654093244842,2.129163626535939,-0.41514283345911385,0.6106103225295869,0.8089143147388617,-0.936094919217516,22.2
-0.3635037359564089,1.4681968091646564,-0.6773356439087228,0.0,-0.8047601692455956,0.20139114579464854,-0.6303079381892996,2.0568298147530224,2.129163626535939,-0.41514283345911385,0.6106103225295869,0.6111934565721745,-0.2625271505338732,25.0
-0.6057273482324032,0.4500762194001304,-0.49705016922225115,0.0,-1.5680724491158229,-0.893355200034377,-1.4630181153404296,1.1996287996484691,-0.32225179212435806,0.5257172459293848,0.13200867138404077,0.7055602297880932,-0.6029585137674834,22.0
-0.33158854203460464,0.4500762194001304,-0.49705016922225115,0.0,-1.5680724491158229,-1.6584951179521032,-0.8801209913346387,1.1996287996484691,-0.32225179212435806,0.5257172459293848,0.13200867138404077,0.8089143147388617,0.6104361309008842,17.4
-0.3576432025592634,0.4500762194001304,-0.49705016922225115,0.0,-1.5680724491158229,-0.8744961175504903,-1.0239527492061975,1.1996287996484691,-0.32225179212435806,0.5257172459293848,0.13200867138404077,0.8089143147388617,-0.43517448474520426,20.9
-0.49850783059908516,-0.5680443703643957,0.41204892653719083,0.0,-1.4986804236730749,0.5587941512249699,-2.0232049617875534,0.49977495314021986,-0.32225179212435806,-0.09124018317782741,0.31148429056362087,-1.1638006110605896,-0.9385265718120419,24.2
-0.24961168331067826,-0.5680443703643957,0.41204892653719083,0.0,-1.4986804236730749,-0.6697403648682803,-1.6106349194717662,0.49977495314021986,-0.32225179212435806,-0.09124018317782741,0.31148429056362087,-2.1808647223877236,-0.1701243519418931,21.7
-0.48657493729646367,-0.5680443703643957,0.41204892653719083,0.0,-1.4986804236730749,-0.3895482822505209,-1.977784406670219,0.49977495314021986,-0.32225179212435806,-0.09124018317782741,0.31148429056362087,-0.08831897345693597,-1.2303248831551363,22.8
-0.12029159997487197,-0.5680443703643957,0.41204892653719083,0.0,-1.4986804236730749,0.095399553049446,-2.0383451468266647,0.49977495314021986,-0.32225179212435806,-0.09124018317782741,0.31148429056362087,-2.1464133607374647,-0.7391310590609274,23.4
-0.5313409393903218,-0.5680443703643957,0.7994709040549276,0.0,-1.0823282710165874,0.17083588298499539,-2.0459152393462205,-0.09897668988715648,0.2906020625407162,1.343185839496441,0.012358258597654744,0.5123330274888351,-0.9239366562448871,24.1
-0.4742889998132912,-0.5680443703643957,0.7994709040549276,0.0,-1.0823282710165874,0.20585989331221502,-0.5697471980328538,0.046173471885554714,0.2906020625407162,1.343185839496441,0.012358258597654744,-1.2386948755176683,-0.39869969582731735,21.4
-0.4516588678399766,-0.5680443703643957,0.7994709040549276,0.0,-1.0823282710165874,0.18700081082832826,0.5468414486016159,-0.2141834889365445,0.2906020625407162,1.343185839496441,0.012358258597654744,-2.672171097226157,0.3380910403139963,20.0
-0.5027090563476412,-0.5680443703643957,0.7994709040549276,0.0,-1.0823282710165874,-0.18748668420886963,-0.539466827954631,-0.19204389835153945,0.2906020625407162,1.343185839496441,0.012358258597654744,-0.6799836626678658,-0.07528990075538773,20.8
-0.6107758800142814,-0.5680443703643957,0.7994709040549276,0.0,-1.0823282710165874,0.06037554272222637,-0.24044817343217958,0.34184972734848473,0.2906020625407162,1.343185839496441,0.012358258597654744,-0.7638652388597945,0.42806218631145015,21.2
-0.5140064701252711,-0.5680443703643957,0.7994709040549276,0.0,-1.0823282710165874,-0.9041318185965997,-0.8876910838541943,0.046173471885554714,0.2906020625407162,1.343185839496441,0.012358258597654744,0.6830919504509729,-0.3597932543149047,20.3
-0.6648975528927393,1.4681968091646564,-0.7291197696165391,0.0,-1.273156340984144,1.3939820897971378,-1.005027517907308,0.5653266391020891,-0.32225179212435806,-0.46141464064215476,0.19183387777723482,0.8089143147388617,-1.2862528928292294,28.0
-0.6525763109915118,1.4681968091646564,-0.7291197696165391,0.0,-1.273156340984144,1.1030133886171558,0.3916545519507237,0.5653266391020891,-0.32225179212435806,-0.46141464064215476,0.19183387777723482,0.6186828830178841,-0.8169439420857526,23.9
-0.6809257586897517,1.4681968091646564,-0.7291197696165391,0.0,-1.273156340984144,0.24896636756110108,-1.05423311928442,0.5653266391020891,-0.32225179212435806,-0.46141464064215476,0.19183387777723482,0.8089143147388617,-0.9385265718120419,24.8
-0.6847386358397016,1.4681968091646564,-0.7291197696165391,0.0,-1.273156340984144,-0.11474450891387412,-0.50540141161663,0.5653266391020891,-0.32225179212435806,-0.46141464064215476,0.19183387777723482,-0.12876187626376434,-0.7464260168445048,22.9
-0.6314995734126212,-0.5680443703643957,-0.8000832011420652,0.0,-0.8741521946883435,0.4833578212894205,-0.4561958102395179,0.20617970358084106,-0.9351056467894323,-0.9858284553832852,-0.10729215418873127,0.8089143147388617,-0.23334731939956393,23.9
-0.6076337868073782,-0.5680443703643957,-0.8000832011420652,0.0,-0.8741521946883435,1.1326490896632653,-0.14960706319751094,0.00865755990208632,-0.9351056467894323,-0.9858284553832852,-0.10729215418873127,0.11988708173374123,-0.9847279711080318,26.6
-0.6269453034835141,-0.5680443703643957,-0.8000832011420652,0.0,-0.8741521946883435,-0.5242560142782916,-0.5659621517730758,0.0025879593500611315,-0.9351056467894323,-0.9858284553832852,-0.10729215418873127,0.672606753426983,0.5545081212267909,22.5
-0.5576427308413663,-0.5680443703643957,-0.8000832011420652,0.0,-0.8741521946883435,-0.23867562237941975,-0.12311173937906605,-0.3902597106648115,-0.9351056467894323,-0.9858284553832852,-0.10729215418873127,0.5467843891390857,-0.5202823255536067,22.2
-0.6102816181615102,-0.5680443703643957,-1.0072197039733304,0.0,-0.18023194026086514,2.148345389152641,0.9934769072554036,-0.5786485506557575,-1.5479595014545064,-0.6310779336466381,-0.5260685989410834,0.8089143147388617,-1.2351881883441878,23.6
-0.6229205998252336,-0.5680443703643957,-1.0072197039733304,0.0,-0.18023194026086514,2.342324523272629,0.1153461749869395,-0.5828105624628603,-1.5479595014545064,-0.6310779336466381,-0.5260685989410834,0.6830919504509729,-1.1865551364536722,28.7
-0.6447387301832811,-0.5680443703643957,-1.0072197039733304,0.0,-0.18023194026086514,0.5587941512249699,0.22889756278027512,-0.769060590830712,-1.5479595014545064,-0.6310779336466381,-0.5260685989410834,0.10191245826404162,-0.43031117955615233,22.6
-0.6712876525607112,-0.5680443703643957,-1.0072197039733304,0.0,-0.18023194026086514,0.5264642955383065,0.5241311710429489,-0.7691762022697981,-1.5479595014545064,-0.6310779336466381,-0.5260685989410834,0.30712274287643837,-0.5786419878222256,22.0
-0.6617201552677809,1.7125457507081427,1.2233335626263129,0.0,-0.6139320992780387,0.6261480172388553,-0.24423321969195752,-0.43748698353151977,-0.32225179212435806,-0.6310779336466381,-0.2867677733683114,0.5258139950911056,-0.5883685982003286,22.9
-0.7086044224449447,1.7125457507081427,1.2233335626263129,0.0,-0.6139320992780387,0.003798295270563725,-1.1791396458570897,-0.43748698353151977,-0.32225179212435806,-0.6310779336466381,-0.2867677733683114,0.7235348532577928,-1.062540854132857,25.0
-0.6585074532247674,1.7125457507081427,1.2233335626263129,0.0,-0.6139320992780387,0.10617617161166631,0.652822743875396,-0.466910094778955,-0.32225179212435806,-0.6310779336466381,-0.2867677733683114,0.8089143147388617,0.0025229822694375157,20.6
-0.4039625990475456,-0.5680443703643957,-1.106952094225421,0.0,-0.9435442201310914,0.20139114579464854,0.36137418187250037,-0.5361613467915827,-1.5479595014545064,-0.5385343192805563,-0.4064181861546974,0.049486473144083006,0.18489692685887152,21.4
-0.28526914554632243,-0.5680443703643957,-0.01948545436127846,0.0,0.3575562569204313,1.3939820897971378,0.7512339466296207,-0.950859578793745,0.2906020625407162,1.1272507393089168,1.328512799247905,0.4883668628625662,-0.2819803712900795,27.5
-0.40650451714751235,-0.5680443703643957,-0.01948545436127846,0.0,0.3575562569204313,1.5394664403871265,0.4257199682887241,-0.9055977003915018,0.2906020625407162,1.1272507393089168,1.328512799247905,0.6111934565721745,-0.7075195753320922,26.5
-0.0630278338895109,-0.5680443703643957,-0.01948545436127846,0.0,0.3575562569204313,-0.19556914813053608,1.0351124161129603,-0.9873349878254379,0.2906020625407162,1.1272507393089168,1.328512799247905,0.4449281894774659,0.6955439717092866,19.3
-0.3172549483042368,-0.5680443703643957,-0.01948545436127846,0.0,0.3575562569204313,-0.11474450891387412,1.1335236188671847,-1.1571103861235077,0.2906020625407162,1.1272507393089168,1.328512799247905,0.1783046080102607,0.42563053371692444,20.1
-0.3418974321066919,-0.5680443703643957,-0.01948545436127846,0.0,0.3575562569204313,-0.9660973753293726,1.3871217182723017,-1.3386781512083683,0.2906020625407162,1.1272507393089168,1.328512799247905,0.3820170073335173,1.4323347078506,19.5
-0.20569298725014243,-0.5680443703643957,-0.01948545436127846,0.0,0.3575562569204313,-1.0065096949377024,1.2054394978029643,-1.2785023971640068,0.2906020625407162,1.1272507393089168,1.328512799247905,0.6246744241744535,1.9648666260517473,19.5
-0.34701657272468034,-0.5680443703643957,-0.01948545436127846,0.0,0.3575562569204313,-0.22251069453608927,0.9518413983978473,-1.3297182646791887,0.2906020625407162,1.1272507393089168,1.328512799247905,-0.5706380365605279,0.8536013903534628,20.4
-0.3581374644120347,-0.5680443703643957,-0.01948545436127846,0.0,0.3575562569204313,0.7123609657366273,1.4022619033114128,-1.1502315054978791,0.2906020625407162,1.1272507393089168,1.328512799247905,0.5602653567413646,0.4110406181497696,19.8
0.12062574883308373,-0.5680443703643957,-0.01948545436127846,0.0,0.3575562569204313,0.05229307880055994,1.1789441739845192,-1.0853734881705268,0.2906020625407162,1.1272507393089168,1.328512799247905,-0.040386644204406526,1.208622669154228,19.4
-0.4290640402847169,-0.5680443703643957,-0.01948545436127846,0.0,0.3575562569204313,-0.03930817897832233,-0.2139528496137347,-0.950859578793745,0.2906020625407162,1.1272507393089168,1.328512799247905,0.2981354311415886,0.5885512575501521,21.7
-0.4540948726857779,-0.5680443703643957,0.25861447999551274,0.0,0.8259524286589799,1.361652234110472,0.815579733045844,-1.0088387154954692,0.9034559172057904,1.8675996542375717,-0.5260685989410834,0.6126913418613147,-0.10203807929517124,22.8
-0.37483645415209377,-0.5680443703643957,0.25861447999551274,0.0,0.8259524286589799,-0.7990597876149385,1.2432899604007428,-1.1961870525346394,0.9034559172057904,1.8675996542375717,-0.5260685989410834,0.5168266833562558,1.3691117403929298,18.8
-0.0259228905136079,-0.5680443703643957,0.25861447999551274,0.0,0.8259524286589799,-0.3168061069555278,1.3379161168951894,-1.083697122303777,0.9034559172057904,1.8675996542375717,-0.5260685989410834,0.8089143147388617,1.5830971687111988,18.7
-0.30768745101130657,-0.5680443703643957,0.25861447999551274,0.0,0.8259524286589799,0.11964694481444291,0.9139909358000687,-1.2522007947718985,0.9034559172057904,1.8675996542375717,-0.5260685989410834,-0.41336008120066065,-0.03152015405392364,18.5
-0.3455690915844215,-0.5680443703643957,0.25861447999551274,0.0,0.8259524286589799,-0.09049711714887482,0.4711405234060586,-0.9784329070158012,0.9034559172057904,1.8675996542375717,-0.5260685989410834,0.26967561064789897,0.3551126084756764,21.2
-0.2770785205575408,-0.5680443703643957,0.25861447999551274,0.0,0.8259524286589799,-0.5080910864349588,0.8534301956436225,-0.968432517534846,0.9034559172057904,1.8675996542375717,-0.5260685989410834,0.45091973063402674,-0.0679949429718101,19.2
-0.29903786858780873,-0.5680443703643957,0.25861447999551274,0.0,0.8259524286589799,-1.289395932196018,0.19483214644227467,-0.9616114426287609,0.9034559172057904,1.8675996542375717,-0.5260685989410834,5.625860241333937e-05,0.736882065816225,19.3
-0.5665394441912497,-0.5680443703643957,3.2582579098853173,0.0,1.4157846449223352,-0.91490843715882,0.3651592281322785,-1.2515071261373816,-1.5479595014545064,-1.8958406633164233,0.2516590841704289,-0.35194678434586074,0.9216876630001847,22.0
-0.5571484689885948,-0.5680443703643957,3.2582579098853173,0.0,1.4157846449223352,-0.5538917153244011,0.9102058895402905,-1.2863639750218676,-1.5479595014545064,-1.8958406633164233,0.2516590841704289,-2.0715190962803858,0.8973711370549269,20.3
-0.48180884085902614,-0.5680443703643957,3.2582579098853173,0.0,1.4157846449223352,-0.6697403648682803,1.2432899604007428,-1.3502392951169875,-1.5479595014545064,-1.8958406633164233,0.2516590841704289,-2.0086079141364457,1.7873559866513649,20.5
-0.4623914109287249,-0.5680443703643957,3.2582579098853173,0.0,1.4157846449223352,-0.8906610453938231,1.3530563019343007,-1.3968307050687219,-1.5479595014545064,-1.8958406633164233,0.2516590841704289,-1.815380711837179,1.702248145842962,18.8
-0.21338935038615267,-0.5680443703643957,3.2582579098853173,0.0,1.4157846449223352,-0.6023864988543973,1.072962878710739,-1.4045766714874968,-1.5479595014545064,-1.8958406633164233,0.2516590841704289,-0.9705734087613315,1.0286803771593196,21.4
0.10480936954440205,-0.5680443703643957,2.537116011139431,0.0,2.1617489184318757,-1.391773808537123,1.3606263944538564,-1.5228471736726685,-0.32225179212435806,1.944719332875973,1.5079884184274852,0.0914272612400516,1.607413694656457,16.2
0.33880705241355963,-0.5680443703643957,2.537116011139431,0.0,2.1617489184318757,0.5965123161927458,1.4666076897276366,-1.5088581895432396,-0.32225179212435806,1.944719332875973,1.5079884184274852,0.8089143147388617,1.1697162276418154,18.0
2.3010972167517485,-0.5680443703643957,2.537116011139431,0.0,2.1617489184318757,-1.5426464684082242,1.3114207930767443,-1.412091415028099,-0.32225179212435806,1.944719332875973,1.5079884184274852,0.8089143147388617,1.887053743026922,14.3
0.39045741602816086,-0.5680443703643957,2.537116011139431,0.0,2.1617489184318757,0.6692544914877413,1.4703927359874147,-1.3319726877413693,-0.32225179212435806,1.944719332875973,1.5079884184274852,0.5303076509585348,0.4912851537691206,19.2
3.4015006231109473,-0.5680443703643957,2.537116011139431,0.0,2.1617489184318757,0.3136260789344302,1.4249721808700802,-1.2438189654381497,-0.32225179212435806,1.944719332875973,1.5079884184274852,0.8089143147388617,0.40860896555524384,19.6
1.2730325629874353,-0.5680443703643957,2.537116011139431,0.0,2.1617489184318757,0.43755719239997815,1.432542273389636,-1.2112165396158443,-0.32225179212435806,1.944719332875973,1.5079884184274852,-0.8597298973648534,0.13140056977930406,23.0
0.35430569193974554,-0.5680443703643957,2.537116011139431,0.0,2.1617489184318757,-1.0442278599054782,1.3379161168951894,-1.128843389266934,-0.32225179212435806,1.944719332875973,1.5079884184274852,-0.42084950764637025,1.0821767342388866,18.4
1.1591052059236497,-0.5680443703643957,2.537116011139431,0.0,2.1617489184318757,0.20139114579464854,1.4438974121689696,-1.3364815338657308,-0.32225179212435806,1.944719332875973,1.5079884184274852,0.47488589526029573,1.551485684982364,18.1
0.3289571197761886,-0.5680443703643957,2.537116011139431,0.0,2.1617489184318757,-0.7209293030388327,1.26600023795941,-1.4196061585687012,-0.32225179212435806,1.944719332875973,1.5079884184274852,-1.9846417495101767,1.5368957694152086,17.4
0.4337759369817602,-0.5680443703643957,2.537116011139431,0.0,2.1617489184318757,0.6584778729255186,1.4514675046885255,-1.4872966561536651,-0.32225179212435806,1.944719332875973,1.5079884184274852,0.3865106632009379,0.9751840200797521,17.1
0.07179973866288994,-0.5680443703643957,2.537116011139431,0.0,2.1617489184318757,-0.9499324474860397,1.4438974121689696,-1.592040619965753,-0.32225179212435806,1.944719332875973,1.5079884184274852,0.08094206421606158,2.6116862161956065,13.3
1.112291547582596,-0.5680443703643957,2.537116011139431,0.0,2.1617489184318757,-0.15785098316276017,1.432542273389636,-1.5919828142462098,-0.32225179212435806,1.944719332875973,1.5079884184274852,0.8089143147388617,1.9162335741612317,17.8
7.106416862648536,-0.5680443703643957,2.094074046750335,0.0,1.832136797578823,-0.9580149114077061,1.2016544515431862,-1.1565323289280764,0.2906020625407162,1.4203055181348427,-2.380649997130074,0.5407928479825248,0.25784650469464526,22.7
-0.318878951534771,-0.5680443703643957,-0.8844721467399881,0.0,0.18407619331356148,-1.7177665200443222,1.0767479249705167,-1.0558925712035485,0.2906020625407162,-0.23005560472695016,-1.2439710756594016,0.8089143147388617,0.9995005460250099,23.1
-0.4860806754436924,-0.5680443703643957,-0.8844721467399881,0.0,0.18407619331356148,0.556099996584416,0.9102058895402905,-1.0268740999929147,0.2906020625407162,-0.23005560472695016,-1.2439710756594016,0.5992103742590442,-0.3743831698820596,23.6
-0.5118882050419654,-0.5680443703643957,-0.8844721467399881,0.0,0.18407619331356148,-0.9445441382049294,0.3273087655344999,-0.994734119926954,0.2906020625407162,-0.23005560472695016,-1.2439710756594016,0.25919041362390893,-0.22848401421051204,22.6
-0.5748359824341966,-0.5680443703643957,-0.8844721467399881,0.0,0.18407619331356148,0.9063400998566146,-1.0201677029464196,-0.745938303013474,0.2906020625407162,-0.23005560472695016,-1.2439710756594016,-0.0808295470112349,-1.276526282451126,29.4
-0.5621970007704732,-0.5680443703643957,-0.8844721467399881,0.0,0.18407619331356148,-0.510785241075515,-0.4864761803177407,-0.5016513322243552,0.2906020625407162,-0.23005560472695016,-1.2439710756594016,0.25919041362390893,-0.11419634226780034,23.2
-0.6185781564044571,-0.5680443703643957,-0.8844721467399881,0.0,0.18407619331356148,0.2839903778883231,0.5052059397440596,-0.6388821104196624,0.2906020625407162,-0.23005560472695016,-1.2439710756594016,0.6141892271504634,-1.0430876333766508,24.6
-0.5756126796314086,-0.5680443703643957,-0.8844721467399881,0.0,0.18407619331356148,1.7523046569910028,0.5430564023418382,-0.8713767144219898,0.2906020625407162,-0.23005560472695016,-1.2439710756594016,-0.03439510304784566,-0.8898935199215262,29.9
-0.456778008457965,-0.5680443703643957,-1.189423109241573,0.0,-0.19757994662155212,0.9521407287460546,1.3454862094147448,-0.9108580208699235,-0.9351056467894323,-1.818720984678022,-0.5260685989410834,0.8089143147388617,-1.1914184416427238,32.5
-0.5167955191516234,-0.5680443703643957,-1.189423109241573,0.0,-0.19757994662155212,-1.6315535715465501,1.1259535263476288,-0.829409762033703,-0.9351056467894323,-1.818720984678022,-0.5260685989410834,-0.07483800585466553,0.8268532118136793,26.4
-0.5966188083741891,-0.5680443703643957,-1.189423109241573,0.0,-0.19757994662155212,-0.15246267388165002,0.33109381179427755,-0.6607326724069521,-0.9351056467894323,-1.818720984678022,-0.5260685989410834,-0.6575153833307371,0.625026046468039,29.6
-0.5320823321694788,3.097189752787898,-1.0014659122280176,0.0,-1.0823282710165874,1.5421605950276827,-0.7173640021641904,-0.3665593656521424,0.2906020625407162,1.343185839496441,-2.081523965164108,0.35505507212896786,-0.9482531821901451,32.0
-0.36601034963832046,3.097189752787898,-1.0014659122280176,0.0,-1.0823282710165874,0.9332816462621678,-1.171569553337534,0.08322693811267841,0.2906020625407162,1.343185839496441,-2.081523965164108,-1.2971124017941964,-1.4637635322296119,29.8
-0.5661157911745885,3.097189752787898,-1.0014659122280176,0.0,-1.0823282710165874,1.4263119454838011,-1.1072237669213103,1.1891081586916257,0.2906020625407162,1.343185839496441,-2.081523965164108,-0.2680652081539321,-1.4321520485007764,30.5
-0.3284817532457564,-0.5680443703643957,0.3698544537382293,0.0,-0.18023194026086514,-0.8583311897071574,-1.4289526990024286,-0.27591999740856993,-0.32225179212435806,-0.523110383552876,-0.0474669477955372,0.8089143147388617,0.07060925491615938,22.6
0.000802553954097609,-0.5680443703643957,0.3698544537382293,0.0,-0.18023194026086514,0.3136260789344302,-0.28586872854951406,-0.03920557587959658,-0.32225179212435806,-0.523110383552876,-0.0474669477955372,0.5048436010431255,0.09492578086141759,24.4
0.07953140621695534,-0.5680443703643957,0.3698544537382293,0.0,-0.18023194026086514,-1.149299890887137,0.4787106159256144,-0.03920557587959658,-0.32225179212435806,-0.523110383552876,-0.0474669477955372,-0.31000599624989217,1.8189674703802,22.5
-0.31400694184316824,-0.5680443703643957,0.3698544537382293,0.0,-0.18023194026086514,0.4456396563216446,-1.0504480730246426,-0.27591999740856993,-0.32225179212435806,-0.523110383552876,-0.0474669477955372,-0.8522404709191438,-0.29170698166818243,28.1
-0.11100653802638248,-0.5680443703643957,0.3698544537382293,0.0,-0.18023194026086514,-0.07433218930554195,-0.6681584007870783,-0.27591999740856993,-0.32225179212435806,-0.523110383552876,-0.0474669477955372,0.31910582518956865,-0.2698221083174504,25.0
-0.5625147405329691,-0.5680443703643957,1.002771545722651,0.0,0.8779964477410408,1.1649789453499309,0.9480563521380692,-0.5789953849730161,0.2906020625407162,-0.5385343192805563,-1.3636214884457898,0.19178557561253115,-0.21632575123788336,28.7
1.36005795349324,-0.5680443703643957,-0.4721170716592285,0.0,0.13203217423150054,1.100319233976602,0.7852993629676212,-0.6651259070922273,2.129163626535939,-0.06039231172246679,-0.7653694245138576,0.8089143147388617,-0.7245411434937727,30.1
0.6457789674025949,-0.5680443703643957,-0.4721170716592285,0.0,0.0799881551494396,2.5686335130792814,0.7512339466296207,-0.6977283329145328,2.129163626535939,-0.06039231172246679,-0.7653694245138576,-2.908836972910532,-1.02606606521497,31.6
0.7495739564845687,-0.5680443703643957,-0.4721170716592285,0.0,0.0799881551494396,0.9225050276999451,-1.4630181153404296,-0.6055860159628396,2.129163626535939,-0.06039231172246679,-0.7653694245138576,-1.6715837240795908,-1.6582957397916747,31.5
1.085742625205166,-0.5680443703643957,-0.4721170716592285,0.0,0.0799881551494396,-0.6158572720571739,0.3045984879758324,-0.43424986323710657,2.129163626535939,-0.06039231172246679,-0.7653694245138576,-1.9696628966187575,0.26027815728917103,24.3
0.824348713925256,-0.5680443703643957,-0.4721170716592285,0.0,0.0799881551494396,3.2394780185775693,0.6376825588362848,-0.43424986323710657,2.129163626535939,-0.06039231172246679,-0.7653694245138576,-2.3006955455190514,-1.2959795032073325,31.7
0.3565298702772165,-0.5680443703643957,-0.4721170716592285,0.0,0.13203217423150054,-0.33297103479885826,0.05478543483049363,-0.4455797842675532,2.129163626535939,-0.06039231172246679,-0.7653694245138576,-2.2093245428814132,0.07304090751068555,24.0
0.9968814049604965,-0.5680443703643957,-0.4721170716592285,0.0,0.13203217423150054,3.0939936679875784,0.4370751070680576,-0.15880560961425985,2.129163626535939,-0.06039231172246679,-0.7653694245138576,-0.21414133774483324,-1.4224254381226733,31.5
-0.5190550019071495,1.875445045070467,-0.7156942555441423,0.0,-1.2384603282627702,0.7312200482205141,-1.5727844568739875,1.0215293777361936,0.9034559172057904,-0.16835986181622895,-1.2439710756594016,-1.8108870559697499,-1.02606606521497,23.7
-0.48346814850761544,1.875445045070467,-0.7156942555441423,0.0,-1.2384603282627702,1.0679893782899361,-0.6757284933066339,1.0215293777361936,0.9034559172057904,-0.16835986181622895,-1.2439710756594016,-1.1563111846148884,-0.7804691531678657,23.3
-0.4101408722071869,1.875445045070467,-0.7156942555441423,0.0,-1.2384603282627702,1.8519883786915516,-0.21773789587351264,1.1060413397081985,0.9034559172057904,-0.16835986181622895,-1.2439710756594016,-0.037390873626126093,0.19462353723697487,22.0
-0.4354541399526887,1.875445045070467,-0.7156942555441423,0.0,-1.2384603282627702,-0.30872364303386135,0.1910471001824965,1.1060413397081985,0.9034559172057904,-0.16835986181622895,-1.2439710756594016,0.46739646881458613,0.44265210187860504,20.1
-0.4468221625664287,1.875445045070467,-0.7156942555441423,0.0,-1.2384603282627702,0.3998390274322023,-0.27072854351040265,1.5103345421926038,0.9034559172057904,-0.16835986181622895,-1.2439710756594016,-2.808478658538044,0.15571709572456227,22.2
-0.35972616322451395,1.875445045070467,-0.7156942555441423,0.0,-1.2384603282627702,0.4941344398516408,-1.977784406670219,1.5103345421926038,0.9034559172057904,-0.16835986181622895,-1.2439710756594016,-2.514893141866298,-1.3105694187744872,23.7
-0.08255117707397734,1.2238478676211701,-0.5373267114394417,0.0,-1.1864163091807092,-1.6611892725926596,0.6225423737971731,2.041800327671818,1.5163097718708647,0.2943582100141803,0.2516590841704289,-2.847423676055724,0.4669686278238628,17.6
-0.13462519370523982,1.2238478676211701,-0.5373267114394417,0.0,-1.1864163091807092,-1.6288594169059938,0.38408445943116787,2.041800327671818,1.5163097718708647,0.2943582100141803,0.2516590841704289,-0.3549425549241412,1.9162335741612317,18.5
0.3896454144128939,1.2238478676211701,-0.5373267114394417,0.0,-1.1864163091807092,-0.27369963270664177,-0.9520368702704181,2.0999528815321713,1.5163097718708647,0.2943582100141803,0.2516590841704289,-0.19766459956427385,-0.3452033387477499,24.3
-0.11612567864437102,1.2238478676211701,-0.5373267114394417,0.0,-1.1864163091807092,0.0442106148788935,0.7247386228111755,2.0999528815321713,1.5163097718708647,0.2943582100141803,0.2516590841704289,-2.3006955455190514,-0.10446973188969698,20.5
-0.2297352959456608,1.2238478676211701,-0.5373267114394417,0.0,-1.1864163091807092,0.6019006254738559,-0.41456030138196137,1.967577783778484,1.5163097718708647,0.2943582100141803,0.2516590841704289,-2.514893141866298,-0.25766384534482173,24.5
-0.13674345878854538,1.2238478676211701,-0.5373267114394417,0.0,-1.1864163091807092,1.3697346980321385,-1.6106349194717662,1.967577783778484,1.5163097718708647,0.2943582100141803,0.2516590841704289,0.33558256337012804,-0.9774330133244545,26.2
-0.31478363904038026,1.2238478676211701,-0.5373267114394417,0.0,-1.1864163091807092,0.747384976063847,-1.78096200116177,1.7191288011822623,1.5163097718708647,0.2943582100141803,0.2516590841704289,0.7160454268120832,-1.1379220845631564,24.4
-0.05427233821184775,1.2238478676211701,-0.5373267114394417,0.0,-1.1864163091807092,0.6153713986766325,-1.9361488978126624,1.7191288011822623,1.5163097718708647,0.2943582100141803,0.2516590841704289,-2.1613922136288837,-1.6996338338986132,24.8
-0.5198670035224165,1.2238478676211701,-0.5373267114394417,0.0,-1.1864163091807092,2.013637657124873,-2.0156348692679975,2.5919951662829948,1.5163097718708647,0.2943582100141803,0.2516590841704289,-0.8102996828231838,-1.714223749465768,29.6
0.2460623461828298,1.060948573258846,-0.3263543474446345,0.0,-0.6139320992780387,-0.9526266021265959,-0.6795135395664118,0.003628462301836981,-0.9351056467894323,-1.3560029128476125,-0.0474669477955372,-0.4268410488029396,0.5885512575501521,21.1
-0.23778470326222206,1.060948573258846,-0.3263543474446345,0.0,-0.6139320992780387,0.08192877984666941,-1.6560554745891003,0.003628462301836981,-0.9351056467894323,-1.3560029128476125,-0.0474669477955372,0.8089143147388617,-0.9701380555408772,25.2
-0.40551599344196976,1.060948573258846,-0.3263543474446345,0.0,-0.6139320992780387,0.8847868627321716,-0.05119586044328643,-0.2920477931610933,-0.9351056467894323,-1.3560029128476125,-0.0474669477955372,0.518324568645396,-0.6929296597649374,24.4
-0.4710409933522227,2.6899415168820875,-0.43184052944203805,0.0,-0.9088482074097175,1.73613972914767,-0.6530182157479669,-0.08984338619934773,-0.32225179212435806,-0.8778609052895231,-0.6457190117274694,0.8089143147388617,-1.847964642164686,32.0
-0.5284459771098042,2.6899415168820875,-0.43184052944203805,0.0,-0.9088482074097175,0.7339142028610703,-1.058018165544198,-0.16325665001907805,-0.32225179212435806,-0.8778609052895231,-0.6457190117274694,0.8089143147388617,-0.8242388998693299,29.1
-0.5183136091279924,-0.5680443703643957,1.008525337467964,0.0,-1.0823282710165874,-0.22251069453608927,-1.5765695031337654,0.6242884730360461,-0.32225179212435806,-0.3380231548207123,-1.6029223140185618,0.8089143147388617,-0.48623918923024556,23.9
-0.5206437007196286,-0.5680443703643957,1.008525337467964,0.0,-1.0823282710165874,-0.5404209421216222,-0.6719434470468563,0.6242884730360461,-0.32225179212435806,-0.3380231548207123,-1.6029223140185618,0.8089143147388617,-0.043678417026552306,21.7
-0.35354789006487264,-0.5680443703643957,1.008525337467964,0.0,-1.0823282710165874,1.2619685124099234,-1.0958686281419767,0.8888652513847911,-0.32225179212435806,-0.3380231548207123,-1.6029223140185618,0.8089143147388617,-1.0479509385657024,28.6
-0.620449290561377,-0.5680443703643957,1.008525337467964,0.0,-1.0823282710165874,0.914422563778281,-0.342644422446182,0.8888652513847911,-0.32225179212435806,-0.3380231548207123,-1.6029223140185618,0.20227077263652968,-0.7756058479788143,27.1
-0.31220641652235853,-0.5680443703643957,1.008525337467964,0.0,-1.0823282710165874,-1.1304408084032502,-0.07769118426173158,1.0967346188617604,-0.32225179212435806,-0.3380231548207123,-1.6029223140185618,0.8089143147388617,1.2791405943954754,20.3
-0.685232897692473,2.2012436337951153,-0.4932143080587093,0.0,-1.1517202964593352,1.02488290404105,-0.7438593259826356,0.6179298438863056,1.5163097718708647,0.2789342742865,-1.5430971076253677,0.6366575064875837,-0.2625271505338732,22.0
-0.4829738866548442,2.2012436337951153,-0.4932143080587093,0.0,-1.1517202964593352,0.76893821318829,-1.5765695031337654,0.6179298438863056,1.5163097718708647,0.2789342742865,-1.5430971076253677,-1.1817752345302892,-0.4643543158795135,26.4
-0.616671717829482,2.1197939866139532,-1.2431251655311604,0.0,-0.4751480483925439,1.0949309246954892,-0.07390613800195367,-0.6085341076595374,1.5163097718708647,-1.371426848575293,-0.16711736058192533,0.27866292238274876,-0.4011313484218431,28.4
-0.635983234505618,2.1197939866139532,-1.2431251655311604,0.0,-0.4751480483925439,1.7226689559448933,0.38786950569094547,-0.7168042203637541,1.5163097718708647,-1.371426848575293,-0.16711736058192533,0.8089143147388617,-0.7415627116554531,28.2
0.9303325769266457,-0.5680443703643957,0.2375172435960321,0.0,0.7739084095769189,1.1461198628660418,0.8496451493838449,-0.6388821104196624,-0.32225179212435806,-0.10666411890550771,-0.16711736058192533,0.8089143147388617,-1.4686268374186633,22.8
0.4234317424916179,-0.5680443703643957,0.2375172435960321,0.0,0.7739084095769189,-0.6401046638221708,0.6301124663167289,-0.7631644074373162,-0.32225179212435806,-0.10666411890550771,-0.16711736058192533,0.7100538856555224,-0.14823947859116107,20.3
1.980391883139282,-0.5680443703643957,0.2375172435960321,0.0,0.7739084095769189,-0.23598146773886586,-0.2745135897701806,-1.0303424431655006,-0.32225179212435806,-0.10666411890550771,-0.16711736058192533,0.8089143147388617,-1.11846886380695,22.1
0.11377669173039567,-0.5680443703643957,0.2375172435960321,0.0,0.7739084095769189,-0.5027027771538486,1.1486638039062964,-0.9183727644105257,-0.32225179212435806,-0.10666411890550771,-0.16711736058192533,0.7190411973903722,0.2772997254508516,19.4
0.14092578921476243,-0.5680443703643957,0.2375172435960321,0.0,0.7739084095769189,0.15197680050110865,0.8610002881631784,-0.6705018390097353,-0.32225179212435806,-0.10666411890550771,-0.16711736058192533,0.28315657825016943,-0.6515915656579989,21.6
0.49333449024070236,-0.5680443703643957,0.2375172435960321,0.0,0.7739084095769189,0.9629173473082773,1.0313273698531822,-0.47425142116092817,-0.32225179212435806,-0.10666411890550771,-0.16711736058192533,0.6276701947527339,-0.31602350761344067,23.8
0.08507419985160503,-0.5680443703643957,0.2375172435960321,0.0,0.7739084095769189,-1.3594439528504572,0.6679629289145076,-0.27615122028674227,-0.32225179212435806,-0.10666411890550771,-0.16711736058192533,0.7370158208600718,0.22380336837128414,16.2
0.31352908908611293,-0.5680443703643957,0.2375172435960321,0.0,0.7739084095769189,-0.7963656329743846,0.87614047320229,-0.24516735461164327,-0.32225179212435806,-0.10666411890550771,-0.16711736058192533,-0.11977456452891455,1.884622090432396,17.8
0.05563031519365726,-0.5680443703643957,0.2375172435960321,0.0,0.7739084095769189,-1.1519940455276934,0.4408601533278358,-0.22603366144287906,-0.32225179212435806,-0.10666411890550771,-0.16711736058192533,0.8089143147388617,1.3034571203407332,19.8
0.6092035902975182,-0.5680443703643957,0.2375172435960321,0.0,0.7739084095769189,0.46449873880553133,0.27053307163783197,-0.5145998134020083,-0.32225179212435806,-0.10666411890550771,-0.16711736058192533,0.5557717008739355,-0.05340502740465568,23.1
0.8685145409121776,-0.5680443703643957,0.2375172435960321,0.0,0.7739084095769189,-0.26022885950386276,-0.04741081418350879,-0.2432597658667212,-0.32225179212435806,-0.10666411890550771,-0.16711736058192533,0.7085560003663821,0.522896637497956,21.0
-0.21840257774997593,-0.5680443703643957,-0.24580126301025357,0.0,-0.11083991481811721,0.5830415429899692,-0.2934388210690699,0.06802403387284447,0.2906020625407162,-0.36887102627607293,0.550785116136395,0.8089143147388617,-0.821807247274804,23.8
-0.16901169689090056,-0.5680443703643957,-0.24580126301025357,0.0,-0.11083991481811721,0.4483338109622009,-0.21773789587351264,0.06802403387284447,0.2906020625407162,-0.36887102627607293,0.550785116136395,0.8089143147388617,-0.902051782894155,23.1
0.42957471123320423,-0.5680443703643957,-0.24580126301025357,0.0,-0.11083991481811721,-0.45420799362385,-0.38427993130373855,0.17247896908721677,0.2906020625407162,-0.36887102627607293,0.550785116136395,0.8089143147388617,-0.7002246175485147,20.4
0.1922584130668679,-0.5680443703643957,-0.24580126301025357,0.0,-0.11083991481811721,-1.3513614889287908,0.53927135608206,0.17247896908721677,0.2906020625407162,-0.36887102627607293,0.550785116136395,-0.0553654970958257,0.28216303063990306,18.5
0.39409377108783555,-0.5680443703643957,-0.24580126301025357,0.0,-0.11083991481811721,0.5534058419438598,-0.7552144647619691,0.17247896908721677,0.2906020625407162,-0.36887102627607293,0.550785116136395,0.8089143147388617,-1.0844257274835891,25.0
-0.13275405954831987,-0.5680443703643957,-0.24580126301025357,0.0,-0.11083991481811721,0.5965123161927458,-1.7166162147455466,0.5741131084726396,0.2906020625407162,-0.36887102627607293,0.550785116136395,0.3265952516352782,-1.3373175973142708,24.6
0.2612785503645751,-0.5680443703643957,-0.24580126301025357,0.0,-0.11083991481811721,0.27590791396665665,-1.1791396458570897,0.5741131084726396,0.2906020625407162,-0.36887102627607293,0.550785116136395,0.8089143147388617,-1.0771307697000116,23.0
0.04083776402857323,-0.5680443703643957,-0.24580126301025357,0.0,-0.11083991481811721,-0.3410534987205247,-0.618952799409966,0.5741131084726396,0.2906020625407162,-0.36887102627607293,0.550785116136395,0.8089143147388617,0.5374865530651104,22.2
-0.576495290082786,-0.5680443703643957,-1.039824523863437,0.0,-0.6833241247207866,-0.9202967464399302,-1.2964760799102033,0.4577501950323898,-0.32225179212435806,1.836751782782211,-1.0644954564798237,-1.3570278133598561,-0.14823947859116107,19.3
-0.572717717350891,-0.5680443703643957,-1.039824523863437,0.0,-0.6833241247207866,0.3324851614183193,-1.6219900582511,0.4577501950323898,-0.32225179212435806,1.836751782782211,-1.0644954564798237,-2.439998877409219,-0.7877641109514432,22.6
-0.6327705324626045,2.2826932809762774,-0.4989680998040223,0.0,-1.0667150652919688,-1.3567497982099008,-1.1980648771559792,1.2821175614364653,-2.1608133561195806,-0.10666411890550771,-1.0644954564798237,0.3775233514660881,0.44994705966218224,17.1
-0.6306522673792989,-0.5680443703643957,-0.665828060418097,0.0,0.27081622511699643,0.286684532528877,-0.8309153899575263,1.1767377347094035,0.2906020625407162,-1.3405789771199323,0.909736354495553,-0.2680652081539321,-1.1914184416427238,22.2
-0.6781367096633992,-0.5680443703643957,-0.665828060418097,0.0,0.27081622511699643,0.2705196046855441,-0.8157752049184149,1.1767377347094035,0.2906020625407162,-1.3405789771199323,0.909736354495553,-0.3144996521173213,-0.9312316140284645,20.7
-0.6702638244371134,-0.5680443703643957,-0.665828060418097,0.0,0.27081622511699643,-0.46498461218607273,-0.9671770553095295,0.9032588755510216,0.2906020625407162,-1.3405789771199323,0.909736354495553,0.8089143147388617,-0.6248433871182154,21.1
-0.6891163836785332,-0.5680443703643957,-0.665828060418097,0.0,0.27081622511699643,-0.9176025917993763,-0.5205415966557417,0.4672881387570003,0.2906020625407162,-1.3405789771199323,0.909736354495553,0.8089143147388617,-0.1895775726980994,19.5
-0.7027438890477992,-0.5680443703643957,-0.665828060418097,0.0,0.27081622511699643,-0.847554571144937,-0.017130444105285716,0.6892042960829418,0.2906020625407162,-1.3405789771199323,0.909736354495553,0.4958562893082758,-0.004771975514139689,18.5
-0.6933882182631995,-0.5680443703643957,-0.665828060418097,0.0,0.27081622511699643,-0.4057132100938538,-0.8611957600357494,0.22513997959097612,0.2906020625407162,-1.3405789771199323,0.909736354495553,0.6950750327641032,-0.5032607573919261,20.6
-0.6160362383044904,-0.5680443703643957,-0.665828060418097,0.0,0.27081622511699643,-0.6050806534949512,-0.5546070129937424,0.22513997959097612,0.2906020625407162,-1.3405789771199323,0.909736354495553,0.8089143147388617,-0.20416748826525427,19.0
-0.5929471488964594,-0.5680443703643957,-0.665828060418097,0.0,0.27081622511699643,-0.6508812823843936,-0.05876595296284227,0.22513997959097612,0.2906020625407162,-1.3405789771199323,0.909736354495553,0.8089143147388617,-0.3135918550189149,18.7
-0.7641735764636614,2.2826932809762774,-1.3697085839280447,0.0,-0.9955882392131523,2.778777575042599,-0.4069902088624058,1.5117218794616378,-2.1608133561195806,-0.41514283345911385,-1.9020483459845279,0.48537109228428577,-1.2376198409387136,32.7
-0.7219141880517148,-0.5680443703643957,-1.2987451524025186,0.0,0.32286024419905734,0.8901751720132818,-0.0133453978455078,1.0660397817843767,-2.1608133561195806,1.7133602969607686,-1.6627475204117548,-0.23061807592539263,-0.46921762106856496,16.5
-0.7002019709478325,-0.5680443703643957,-0.819262506959775,0.0,-0.9955882392131523,-0.5269501689188455,-0.4372705789406286,2.0757322850436144,-0.9351056467894323,0.6336847960231471,0.07218346499084881,-0.877704520834553,-0.012066933297717325,17.5
-0.7077571164116224,2.6899415168820875,-1.421492709635861,0.0,-1.2211123219020832,1.9651428735948768,-0.9671770553095295,2.5257498116866075,-2.1608133561195806,0.3714778886525818,0.6106103225295869,-0.24709481410594353,-1.1403537371576822,26.6
-0.5908288838131538,2.6899415168820875,-1.421492709635861,0.0,-1.2211123219020832,0.7554674399855135,-0.5924574755915211,2.5257498116866075,-2.1608133561195806,0.3714778886525818,0.6106103225295869,0.8089143147388617,-1.11846886380695,22.9
-0.19824375504051775,-0.5680443703643957,0.19724070137884148,0.0,1.4851766703650833,-1.354055643569347,-0.2290930346528461,-1.1798280339039438,0.9034559172057904,1.235218289402679,0.31148429056362087,0.8089143147388617,0.3478176506920992,21.8
0.1769009912129023,-0.5680443703643957,0.19724070137884148,0.0,1.4851766703650833,-0.7640357772877189,-0.6605883082675225,-1.1798280339039438,0.9034559172057904,1.235218289402679,0.31148429056362087,0.8089143147388617,0.7320187606271735,24.5
-0.17819084558522477,-0.5680443703643957,0.19724070137884148,0.0,1.4851766703650833,-1.4537393652698958,-1.1829246921168677,-0.9388359891287814,0.9034559172057904,1.235218289402679,0.31148429056362087,0.2681777253587587,1.7071114510320142,23.1
0.2123113225221609,-0.5680443703643957,0.19724070137884148,0.0,1.4851766703650833,-2.2081026646254016,0.48628070844517024,-0.9388359891287814,0.9034559172057904,1.235218289402679,0.31148429056362087,0.8089143147388617,2.5679164694941425,19.7
0.1373953474092531,-0.5680443703643957,0.19724070137884148,0.0,1.4851766703650833,-1.11966418984103,0.39922464447027894,-0.8844408070387292,0.9034559172057904,1.235218289402679,0.31148429056362087,0.8089143147388617,0.8560330429479885,18.3
0.03409462018005045,-0.5680443703643957,0.19724070137884148,0.0,1.4851766703650833,-0.5134793957160689,0.19861719270205233,-1.1639892667491358,0.9034559172057904,1.235218289402679,0.31148429056362087,0.8089143147388617,0.5690980367939458,21.2
-0.18228615807961565,-0.5680443703643957,0.19724070137884148,0.0,1.4851766703650833,-1.7258489839659887,0.5089909860038372,-1.1693073929471005,0.9034559172057904,1.235218289402679,0.31148429056362087,0.6396532770658642,1.0991983024005672,17.5
-0.0179440920331569,-0.5680443703643957,0.19724070137884148,0.0,1.4851766703650833,-0.4919261585916259,0.7436638541100649,-1.1124843706362382,0.9034559172057904,1.235218289402679,0.31148429056362087,0.8089143147388617,0.9119610526220817,16.8
-0.588993054074289,-0.5680443703643957,0.6268571516955398,0.0,1.2770005940368394,1.0329653679627164,0.342448950573611,-1.123814291666685,-2.1608133561195806,-0.5848061264635972,1.3883380056410992,0.07345263777035199,-0.22118905642693484,22.4
-0.6502815238179307,-0.5680443703643957,0.6268571516955398,0.0,1.2770005940368394,-0.241369777019976,0.6301124663167289,-1.2342810217135392,-2.1608133561195806,-0.5848061264635972,1.3883380056410992,0.8089143147388617,-0.3646565595039562,20.6
-0.5955949802505913,-0.5680443703643957,0.6268571516955398,0.0,1.2770005940368394,2.0648265952954254,1.1713740814649634,-1.3036478851652529,-2.1608133561195806,-0.5848061264635972,1.3883380056410992,0.8089143147388617,-1.2011450520208269,23.9
-0.4232035068875714,-0.5680443703643957,0.6268571516955398,0.0,1.2770005940368394,1.574490450714346,1.1070282950487396,-1.175666022096841,-2.1608133561195806,-0.5848061264635972,1.3883380056410992,0.2921438899850192,-0.9968862340806607,22.0
-0.6427263783541407,-0.5680443703643957,0.6268571516955398,0.0,1.2770005940368394,-0.48384369466995947,0.7852993629676212,-1.108553581707308,-2.1608133561195806,-0.5848061264635972,1.3883380056410992,0.8089143147388617,-0.6564548708470507,11.9
